accountNo,address,email,firstName,id,lastName,phoneNo
9580753835421,"9265 Demetrius Haven, Stromantown, RI 07353",florrie.green@yahoo.com,Louvenia,,Gottlieb,"(049) 688-3809"
9735358609438,"420 Harber Mountains, Bethannview, HI 67402","milan.macejkovic@gmail.com",Miki,,Wolff,487-935-4216
8617139811678,"Suite 195 086 Vinita Fork, Port Alvin, WV 89928","darlene.lindgren@yahoo.com",Isaiah,,Donnelly,1-674-951-6324
5163028309441,"878 Runolfsdottir Manor, Faustinoburgh, ID 60013",burton.beatty@yahoo.com,Mckinley,,Keebler,1-133-639-5104
3992954795767,"4754 Barrows Drive, Wisozkstad, HI 74589-5806","teodoro.quigley@yahoo.com",Jacinto,,Wyman,641.780.3341
3788878169384,"960 Monty Mountain, North Shavonne, LA 96543",delma.lockman@gmail.com,Jospeh,,Lemke,"(070) 140-1148"
3251650970893,"7940 Cole Spur, Ziemannville, CT 28588-4807",timmy.huel@gmail.com,Dalia,,Stiedemann,495-577-0133
7973423723258,"Suite 939 6070 Hansen Street, South Lesiaburgh, RI 35126-0271","robbie.gorczany@yahoo.com",Shon,,Bode,"(841) 617-6522"
0562848149186,"326 Alberto Squares, West Owen, IL 88724-8916",janita.price@gmail.com,Erasmo,,Bode,"(574) 181-1479"
0892127208717,"Suite 853 78394 Sherill Dale, Port Minh, CT 63676-9622","norberto.keebler@hotmail.com",Lawerence,,Boyle,"(391) 948-4029"
6717009150363,"Suite 858 2607 Floy Isle, North Verdie, WI 75119-1592",bob.ruecker@yahoo.com,Yong,,Cole,1-247-444-9344
5915331704617,"Suite 835 540 Kulas Port, Vaughnmouth, AK 20994",jewell.brekke@yahoo.com,Kami,,Nikolaus,553.408.1871
5325926554242,"076 Gudrun Crossroad, Lloydside, FL 65384","jeannetta.lesch@gmail.com",Kala,,Paucek,"(728) 845-5993"
1456093150662,"Apt. 683 88081 Lean Pass, Vannatown, MN 50876","terrilyn.glover@hotmail.com",Ana,,Pfannerstill,"(824) 058-5700"
1812086253527,"Apt. 377 634 Wyatt Trail, Chetview, MT 96229-3749","patricia.cummings@yahoo.com",Jann,,Cartwright,448-677-2149
3556626644335,"Apt. 457 33563 Brendan Loaf, New Glenn, IA 05367",helga.lynch@yahoo.com,Jermaine,,Luettgen,1-724-669-2132
7189296632904,"Suite 269 9736 Sam River, West Trinidadstad, MT 78455",alverta.howe@gmail.com,Shea,,Flatley,420-227-8281
6549716437532,"2111 Kling Lodge, Naderberg, NH 07581-5550","valentine.waelchi@gmail.com",Kandi,,Shields,"(172) 616-2967"
2320565116533,"Apt. 705 3786 Chas Via, Jamaaltown, IA 98042-9236",eveline.johns@yahoo.com,Rolando,,Terry,"(753) 217-9205"
4332019320456,"2206 Moshe Corners, Vernonhaven, AL 16795","jani.williamson@gmail.com",Adolph,,Walker,1-716-013-0676
2138676323777,"978 Rice Overpass, Herzogshire, NM 30117",jed.stracke@hotmail.com,Renita,,Ruecker,"(685) 259-9536"
5567870285067,"381 Crist Gardens, New Chelsieberg, GA 40445-2800","myles.smitham@hotmail.com",Bertram,,Monahan,356.980.5091
8988588418566,"Apt. 522 80488 Ashanti Trace, Leannonfort, OH 85485","nicolasa.gottlieb@gmail.com",Samuel,,Runolfsdottir,734-508-7558
1653073484025,"Apt. 271 3602 Hagenes Drives, Larkinchester, WV 09874",joan.murphy@hotmail.com,Lizabeth,,Breitenberg,"(587) 288-7558"
6980133692287,"395 Idell Lights, Stoltenbergbury, TX 05743",bailey.bayer@gmail.com,Jeremiah,,Funk,584.642.3925
6477196135962,"65917 Bruen Plain, Arianaville, ND 61035",casey.pollich@yahoo.com,Jeremy,,Dicki,539.440.8929
3840831225411,"803 Angelyn Mills, Keelington, OR 56064","wendell.marquardt@gmail.com",Edythe,,Hand,615.775.1511
8207847163161,"7512 MacGyver Cliff, South Jonathonport, MI 74995-3142",chieko.sanford@yahoo.com,Suellen,,Lang,132.751.0763
6181770785039,"326 Major Pines, East Terence, WV 37532-1457",corey.swift@yahoo.com,Alesia,,Hamill,256-548-4083
0470668861686,"Suite 914 591 Tianna Summit, Ankundington, LA 58849-2336","matthew.langworth@gmail.com",Jeanne,,Denesik,225.148.6841
7868254106151,"62605 Pasquale Glen, Kareemfurt, GA 96891","jeffery.bradtke@yahoo.com",Corey,,Hand,491-964-2046
3767731331588,"Apt. 577 008 Emmerich Fords, Nienowtown, UT 16132",danille.carter@gmail.com,Alaine,,Dietrich,"(355) 771-0988"
7220746965804,"28714 Son Squares, South Kamiton, CO 08516","carmelia.dicki@hotmail.com",Dominique,,Buckridge,010.756.5087
6187448604190,"Suite 823 90673 MacGyver Brook, Considineburgh, HI 14000",elmer.mayer@hotmail.com,Van,,Beer,1-332-859-0904
8857836253573,"56294 Oliva Shores, Fritzmouth, IA 36755",stefan.erdman@gmail.com,Deb,,Johns,"(576) 020-7912"
9039091107894,"Apt. 559 80930 Roscoe Keys, Bernieberg, CO 15159",cruz.jacobi@gmail.com,Claud,,Gleason,406.248.8005
1074465336362,"408 Joshua Cape, Flatleymouth, WI 63616-3291",tarra.brown@gmail.com,Domenic,,Jones,294-418-3834
3978778226212,"668 Margarito Plains, O'Connellbury, WI 87784",darrin.pfeffer@yahoo.com,Mia,,Lowe,1-870-881-4118
5103911696692,"Apt. 553 2301 Hane Port, New Jerestad, AR 22777-9270","lurline.champlin@yahoo.com",Nedra,,Thompson,"(856) 266-5364"
4217343415941,"3202 Darnell Roads, Daltonshire, NH 65978",carroll.toy@yahoo.com,Christopher,,Ebert,1-097-880-7649
1300454502105,"Apt. 499 831 Wuckert Flat, Dominickfurt, KS 85682","josefine.johnson@gmail.com",Danae,,King,1-481-856-0890
1173563468934,"821 Mills Mews, New Lucas, AR 30137",maxwell.wyman@yahoo.com,Samuel,,Bergnaum,593.475.2559
8811048567972,"Suite 533 052 Terry Rest, New Arleenmouth, NV 42713",grady.bins@hotmail.com,Marcelo,,Dickens,398-788-5555
2351195154787,"34410 Mitzie Fall, Port Broderickmouth, WA 86456","lurline.stroman@gmail.com",Jorge,,Senger,1-139-190-8751
2654958683051,"Apt. 764 690 Donnelly Shore, North Darryltown, IN 63344","alfredo.ohara@hotmail.com",Alfreda,,Sawayn,788.179.3590
0801612762160,"919 Armstrong Parkway, Justineshire, CT 53985-8170",jody.raynor@yahoo.com,Dan,,Sawayn,401-742-5849
2967729167941,"524 Brakus Cove, Ramonport, SC 54482-4778",jona.rau@hotmail.com,Shaun,,Rippin,"(300) 824-5662"
4134551889312,"Suite 187 49732 Kourtney Lights, New Nathanaelborough, ID 17602",maura.koepp@hotmail.com,Edwardo,,Schimmel,"(818) 083-8982"
0944330721221,"Suite 826 67476 Hosea Expressway, East Maganside, ID 14806-9258",clelia.yundt@gmail.com,Elisa,,Witting,659.159.0832
5604036456364,"Suite 900 889 Collier Plains, Venusfort, WV 31147","cornell.klocko@hotmail.com",Oleta,,Bailey,853.344.5272
9842433645806,"41341 Carrie Parkway, Medhurstport, WA 43503-7714",arlinda.hirthe@gmail.com,Todd,,Bogisich,742.484.0075
9192176840472,"Suite 162 056 Bradtke Avenue, Thanhport, AZ 50016","gracie.abbott@hotmail.com",Dagmar,,Roberts,260-788-6293
8555408923557,"Suite 516 5013 Runolfsdottir Centers, Lake Macyshire, AK 10033-6397",gilberto.adams@gmail.com,Jacques,,Ziemann,847.520.1300
8201727328763,"Apt. 046 924 Bednar Mall, Marianomouth, SD 37219",katrina.welch@gmail.com,Ozzie,,Jerde,222.695.2382
7359771160769,"Apt. 709 389 Bart Via, Lake Brunildamouth, ND 99954-8423",sebastian.koss@yahoo.com,Setsuko,,Dach,"(470) 752-4503"
7719043943702,"7234 Zachery Well, West Dougberg, WY 76372-0806",kallie.zieme@hotmail.com,Birdie,,Wisoky,"(113) 735-7850"
0253624179311,"Apt. 063 77325 Cedrick Light, Coraleemouth, AK 45387-0228","joesph.becker@hotmail.com",Debera,,Renner,888.994.8439
4390307645315,"670 Lura Rest, Lake Dorothyberg, SD 79435-8327",arnoldo.lind@yahoo.com,Jessie,,Moen,1-053-307-8003
7809819816207,"0732 Maryjo Mountain, Rosaurahaven, NY 18682-7519",dewey.beahan@yahoo.com,Yolando,,Weissnat,570-624-2279
2485455576603,"Suite 310 3772 Lissette Vista, Franciscoport, NY 72266","evette.wiegand@hotmail.com",Robbyn,,Ritchie,"(800) 788-4858"
4090335301046,"0043 Ozella Port, Port Ahmed, MS 48607-3837","salvatore.zieme@hotmail.com",Berniece,,Mayert,521-533-6046
1726012596520,"5777 Catalina Trail, Lake Herma, HI 82442-2193",dewey.maggio@gmail.com,Obdulia,,Schneider,783-804-2624
6161816443277,"Suite 584 947 Latoya Views, Lake Melissamouth, MD 09483","cherly.mckenzie@gmail.com",Carmelo,,Farrell,"(435) 057-7613"
9291052048985,"Suite 149 89379 Hans Land, Steuberville, IL 97456-5184",walker.ratke@gmail.com,Basilia,,Rohan,1-571-502-8618
1046224882748,"Apt. 650 04038 Skiles Walks, East Elidia, HI 50740-4369",trina.borer@hotmail.com,Hipolito,,Bosco,"(462) 758-9974"
8727326639081,"7094 Edna Trail, Stehrfort, MI 38690-2330",minh.gislason@yahoo.com,Hugh,,Mills,460.522.3512
8643049374927,"3690 Rodger Mission, Port Jimmiemouth, IN 18651","valrie.johnston@hotmail.com",Alexander,,Dickinson,1-801-441-6145
1498502210659,"79192 Clay Shoal, West George, ID 68256",seema.casper@hotmail.com,Hobert,,Goldner,1-992-034-2238
1719304864704,"Suite 982 52165 Terra Drives, Muellermouth, IN 31171-7358","georgianne.luettgen@hotmail.com",Jami,,Nader,475-731-9797
2305385119988,"Suite 323 2680 Rempel Fields, West Shandraton, AK 69564",odis.wehner@gmail.com,Jonnie,,Graham,1-934-699-2931
3269671525220,"62144 Dulce Gateway, Reillyview, KY 96557-0405",arnold.waters@yahoo.com,Kaylee,,Bode,1-895-642-4607
6562336191042,"57509 Arlen Pine, Romagueraport, IL 34985",maris.becker@hotmail.com,Antione,,Lebsack,"(265) 665-4067"
1050634513857,"9415 Arnoldo Coves, Botsfordbury, PA 77576-9898",keenan.kuphal@gmail.com,Blossom,,Orn,"(200) 278-0712"
9303396212912,"9123 Block Walks, Port Williamsside, TX 28784","dillon.walker@hotmail.com",Mary,,Murazik,850-706-3766
1104778521350,"533 Beau Curve, Denischester, KS 62007-5332",sumiko.ward@yahoo.com,Jacklyn,,Watsica,"(397) 409-5197"
4723829108004,"32583 Luigi Vista, Riceville, MD 22222",enrique.schoen@gmail.com,Orville,,Stamm,747.678.2455
6396976671820,"Apt. 395 45300 Nick Haven, North Tameika, MO 24018","thurman.schuppe@yahoo.com",Terrence,,Emard,"(618) 304-6041"
5779134430650,"93867 Harvey Island, Efrenville, OR 14869",ione.mosciski@gmail.com,Marty,,Moore,"(544) 085-2857"
3832825775064,"Apt. 885 4571 Parisian Vista, Port Eula, ME 41389",michel.hilpert@gmail.com,Otelia,,Hammes,"(661) 715-0006"
6943626438625,"43357 Deon Square, Lake Anhmouth, ME 78610","monroe.schimmel@hotmail.com",Marcos,,Cremin,1-047-673-4242
3583336149775,"57613 Arlette Parkways, Welchport, GA 36675-4705","aline.greenfelder@hotmail.com",Mario,,Corkery,476.542.6370
5118541140408,"679 Adams Mission, Senaton, NM 83839",jerri.kunde@gmail.com,Daniele,,Mitchell,177-530-4947
1934053267488,"1500 Cherish Spurs, North Harry, SD 32266","britany.kutch@hotmail.com",Alfreda,,Becker,"(482) 789-0569"
3195661732920,"4131 Emmett Islands, Corrinstad, AR 15364-1253","howard.heidenreich@yahoo.com",Jame,,Schneider,"(056) 595-1095"
4792414995473,"4385 Hilpert Ramp, New Ozziebury, CA 08189-8969","caterina.aufderhar@hotmail.com",Leonie,,Hickle,"(126) 046-9263"
9863707979885,"Suite 173 42620 Leo Mills, Johnschester, AL 16037",howard.rath@yahoo.com,Ka,,Beahan,647-624-4585
7677641555331,"Suite 761 07404 Kasandra Drive, Matthewfort, ND 18740-2459",mandy.mertz@gmail.com,Sheldon,,Keebler,558-290-9628
7673908315984,"71431 Azzie Gardens, Ritchieburgh, PA 77895",elden.robel@yahoo.com,Lewis,,Jacobi,959.295.4251
0968988445568,"Suite 635 260 Debby Squares, New Flo, AZ 26204","marcelina.bartell@gmail.com",Glenna,,Fritsch,"(311) 366-4733"
9997739979220,"293 Breitenberg Land, Nolanstad, NE 89893","kemberly.shields@gmail.com",Mariann,,Swaniawski,"(459) 457-3679"
6442790450773,"29965 Thiel Neck, East Vedaberg, AR 54647-5094",malik.kovacek@yahoo.com,Georgann,,Smith,"(659) 230-7754"
6078502081937,"71385 Roberts Orchard, West Gail, NM 91596-4322","zachariah.bosco@gmail.com",Clarine,,Christiansen,"(416) 632-5280"
9389949572498,"Suite 479 376 Reilly Ranch, East Lucinaborough, PA 83030",tracie.fay@hotmail.com,Mozella,,Lang,850-604-8701
3503009575700,"Suite 396 7110 Taren Green, Ollieton, OR 93406",lucilla.bode@gmail.com,Latonya,,Larkin,721.110.3044
8824146015740,"Apt. 943 624 Macejkovic Passage, Torpchester, IN 96713","leola.breitenberg@hotmail.com",Ashley,,Dietrich,025-497-5327
5279804190179,"Suite 915 6637 Bauch Burg, South Nathanael, CA 64010-7424",ronnie.stamm@yahoo.com,Miki,,Dietrich,300.956.7122
1059996214815,"Apt. 590 0920 Tora Vista, Port Soledad, NC 19107-0280","nathan.luettgen@yahoo.com",Francisco,,Klein,909-608-1882
6972707294034,"Apt. 804 05605 Carmel Islands, Rosendofort, TX 11461",marlyn.schumm@gmail.com,Wayne,,Marks,"(935) 931-4506"
9736850832690,"Suite 859 32521 Sipes Viaduct, Flaviaport, HI 67388",marc.schmitt@gmail.com,Darrel,,Kshlerin,107.242.7186
3349857565360,"Apt. 090 6837 Smitham Crossing, Traceychester, MD 71895-9712",jody.deckow@gmail.com,Ashley,,Friesen,"(161) 421-4696"
